date,ticker,name,code,action,price,shares,amount,cash_after,reason
2026-03-26,1522.HK,京投交通科技,1522,INIT_BUY,0.295,342000,100890.0,109160.0,🐢🍊极品：净现金>市值（101%），PB 0.25倍，股息率6.5-7.4%，央企控股，风险极低
2026-03-26,87001.HK,汇贤产业信托,87001,INIT_BUY,0.432,250000,108000.0,109160.0,🐢🍊极品：真实盈利/市值38%，2年后分红率20%+，低估值高分红REIT
2026-03-26,0882.HK,天津发展,882,INIT_BUY,2.55,40000,102000.0,109160.0,🐢🍊金龟：PB 0.21倍，SOTP折价60%，股息率5.6%，央企控股平台
2026-03-26,3320.HK,华润医药,3320,INIT_BUY,5.33,15000,79950.0,109160.0,🐢🍊低估：剔除净现金PE 3.6倍，PB 0.63倍，净现金200亿，央企医药平台（卫星仓位）
2026-07-10,3320.HK,华润医药,3320,BUY_ADD,4.5,1000,4500.0,104660.0,触发回撤5%加仓：当前价4.50低于成本价5.28的95%（5.01），按策略自动加仓
2026-08-04,1522.HK,京投交通科技,1522,BUY_ADD,0.213,10000,2130.0,102530.0,加仓：当前价 0.213 低于成本价 0.295 的95%（0.280），触发回撤加仓策略
2026-08-19,1522.HK,京投交通科技,1522,BUY_ADD,0.211,3000,633.0,101897.0,加仓：当前价 0.211 低于成本价 0.293 的95%（0.278），触发回撤加仓策略
2026-09-02,3320.HK,华润医药,3320,BUY_ADD,4.41,1000,4410.0,97487.0,加仓：当前价 4.410 低于成本价 5.278 的95%（5.014），触发回撤加仓策略
2026-09-05,0506.HK,中国食品,506,BUY_OPEN,4.03,10000,40300.0,57187.0,用户授权模拟建仓，目标为组合当前净值10%，整手向下取整；2026-09-05休市按2026-09-04参考价4.03港元记账，非真实市场成交，费用/滑点未计。估值修复：TTM PE10.64倍低于可比样本，业务盈利与合并净现金支持；12—14倍为主观研究假设。14倍对应约5.31港元全数退出；盈利/分红及治理证伪见报告第九节。
2026-10-08,1522.HK,京投交通科技,1522,BUY_ADD,0.209,3000,627.0,56560.0,加仓：当前价 0.209 低于成本价 0.292 的95%（0.277），触发回撤加仓策略
2026-10-09,1522.HK,京投交通科技,01522,BUY_ADD,0.208,2000,416.0,56144.0,加仓：当前价 0.208 低于成本价 0.291 的95%（0.277），触发回撤加仓策略
